{"cameraMode":{"drawMode":0,"name":"Shaded","section":"Shading Mode"},"sceneLighting":true,"audioPlay":false,"sceneViewState":{"showFog":true,"showMaterialUpdate":true,"showSkybox":true,"showFlares":true,"showImageEffects":true,"showParticleSystems":true},"in2DMode":false,"pivot":{"x":-15.049702644348145,"y":2.4507827758789064,"z":32.41925048828125},"rotation":{"x":-0.029981503263115884,"y":0.797385036945343,"z":-0.039751313626766208,"w":-0.601413369178772},"size":26.49336051940918,"orthographic":false}